ebox-mail (0.11) unstable; urgency=low

  * New upstream release

 -- Javier Uruen Val <javi@warp.es>  Wed, 28 Nov 2007 15:23:33 +0100

ebox-mail (0.10.99) unstable; urgency=low

  * New upstream release

 -- Javier Uruen Val <javi@warp.es>  Thu, 01 Nov 2007 21:38:13 +0100

ebox-mail (0.10) unstable; urgency=low

  * New upstream release

 -- Javier Uruen Val <javi@warp.es>  Wed, 10 Oct 2007 21:53:49 +0200

ebox-mail (0.9.100) unstable; urgency=low

  * New upstream release

 -- Javier Uruen Val <javi@warp.es>  Tue, 04 Sep 2007 14:13:52 +0200

ebox-mail (0.9.99) unstable; urgency=low

  * New upstream release

 -- Javier Amor Garcia <javier.amor.garcia@warp.es>  Tue, 24 Jul 2007 12:44:04 +0200

ebox-mail (0.9.3) unstable; urgency=low

  * New upstream release

 -- Javier Uruen Val <javi@warp.es>  Sun, 24 Jun 2007 16:38:48 +0200

ebox-mail (0.9.2) unstable; urgency=low

  * New upstream release

 -- Javier Uruen Val <javi@warp.es>  Tue, 12 Jun 2007 18:59:27 +0200

ebox-mail (0.9.1) unstable; urgency=low

  * New upstream release

 -- Javier Uruen Val <javi@warp.es>  Tue, 15 May 2007 13:02:25 +0200

ebox-mail (0.9) unstable; urgency=low

  * New upstream release

 -- Javier Amor Garcia <javier.amor.garcia@warp.es>  Thu, 29 Mar 2007 12:38:50 +0200

ebox-mail (0.7.99) unstable; urgency=low

  * New upstream release

 -- Javier Amor Garcia <javier.amor.garcia@warp.es>  Mon, 27 Nov 2006 14:04:30 +0100

ebox-mail (0.7.1) unstable; urgency=low

  * New upstream release

 -- Daniel Baeyens Sicilia <dani@warp.es>  Wed, 22 Mar 2006 16:04:09 +0100

ebox-mail (0.7.0.99-rc1+0.7.1-rc1) unstable; urgency=low

  * New upstream release

 -- Javier Uruen Val <javi@warp.es>  Tue, 17 Jan 2006 11:46:46 +0100

ebox-mail (0.7-1) unstable; urgency=low

  * New upstream release

 -- Isaac Clerencia <isaac@warp.es>  Tue, 23 Aug 2005 09:27:48 +0200
