zentyal-ftp (6.1) bionic; urgency=medium

  * New upstream release

 -- Bruno Lorente <blorente@zentyal.com>  Thu, 10 Oct 2019 02:19:32 +0000

zentyal-ftp (6.0) bionic; urgency=medium

  * New upstream release

 -- José A. Calvo <jacalvo@zentyal.com>  Sun, 02 Sep 2018 11:10:36 +0200

zentyal-ftp (5.1) xenial; urgency=medium

  * New upstream release

 -- José A. Calvo <jacalvo@zentyal.com>  Wed, 21 Feb 2018 12:10:45 +0100

zentyal-ftp (3.5~1) trusty; urgency=low

  * New upstream release

 -- José A. Calvo <jacalvo@zentyal.com>  Wed, 26 Mar 2014 17:57:47 +0100

zentyal-ftp (3.4) saucy; urgency=low

  * New upstream release

 -- José A. Calvo <jacalvo@zentyal.com>  Mon, 17 Mar 2014 13:03:00 +0100

zentyal-ftp (3.3) precise; urgency=low

  * New upstream release

 -- José A. Calvo <jacalvo@zentyal.com>  Sun, 15 Dec 2013 01:35:21 +0100

zentyal-ftp (3.2.1) precise; urgency=low

  * New upstream release

 -- José A. Calvo <jacalvo@zentyal.com>  Sat, 19 Oct 2013 23:49:52 +0200

zentyal-ftp (3.2) precise; urgency=low

  * New upstream release

 -- José A. Calvo <jacalvo@zentyal.com>  Thu, 19 Sep 2013 04:00:22 +0200

zentyal-ftp (3.1.4) precise; urgency=low

  * New upstream release

 -- José A. Calvo <jacalvo@zentyal.com>  Wed, 18 Sep 2013 14:43:04 +0200

zentyal-ftp (3.1.3) precise; urgency=low

  * New upstream release

 -- José A. Calvo <jacalvo@zentyal.com>  Tue, 17 Sep 2013 11:15:22 +0200

zentyal-ftp (3.1.2) precise; urgency=low

  * New upstream release

 -- José A. Calvo <jacalvo@zentyal.com>  Mon, 05 Aug 2013 12:20:24 +0200

zentyal-ftp (3.1.1) precise; urgency=low

  * New upstream release

 -- José A. Calvo <jacalvo@zentyal.com>  Thu, 06 Jun 2013 13:45:24 +0200

zentyal-ftp (3.1) precise; urgency=low

  * New upstream release

 -- José A. Calvo <jacalvo@zentyal.com>  Tue, 07 May 2013 23:31:44 +0200

zentyal-ftp (3.0.1) precise; urgency=low

  * New upstream release

 -- José A. Calvo <jacalvo@zentyal.com>  Fri, 26 Oct 2012 18:35:39 +0200

zentyal-ftp (3.0) precise; urgency=low

  * New upstream release

 -- José A. Calvo <jacalvo@zentyal.com>  Thu, 13 Sep 2012 04:41:13 +0200

zentyal-ftp (2.3.3) precise; urgency=low

  * New upstream release

 -- José A. Calvo <jacalvo@zentyal.com>  Thu, 23 Aug 2012 02:27:18 +0200

zentyal-ftp (2.3.2) precise; urgency=low

  * New upstream release

 -- José A. Calvo <jacalvo@zentyal.com>  Thu, 14 Jun 2012 04:50:55 +0200

zentyal-ftp (2.3.1) precise; urgency=low

  * New upstream release

 -- José A. Calvo <jacalvo@zentyal.com>  Tue, 06 Mar 2012 11:58:02 +0100

zentyal-ftp (2.3) precise; urgency=low

  * New upstream release

 -- José A. Calvo <jacalvo@zentyal.com>  Thu, 09 Feb 2012 10:15:02 +0100

zentyal-ftp (2.2.1) lucid; urgency=low

  * New upstream release

 -- José A. Calvo <jacalvo@zentyal.com>  Thu, 29 Sep 2011 14:59:34 +0200

zentyal-ftp (2.2) lucid; urgency=low

  * New upstream release

 -- José A. Calvo <jacalvo@zentyal.com>  Tue, 13 Sep 2011 05:39:14 +0200

zentyal-ftp (2.1.1) lucid; urgency=low

  * New upstream release

 -- José A. Calvo <jacalvo@zentyal.com>  Wed, 29 Jun 2011 19:35:03 +0200

zentyal-ftp (2.1) lucid; urgency=low

  * New upstream release

 -- José A. Calvo <jacalvo@zentyal.com>  Tue, 22 Feb 2011 03:12:48 +0100

ebox-ftp (2.0.1) lucid; urgency=low

  * New upstream release

 -- José A. Calvo <jacalvo@zentyal.com>  Sun, 19 Dec 2010 19:42:41 +0100

ebox-ftp (2.0) lucid; urgency=low

  * New upstream release

 -- José A. Calvo <jacalvo@zentyal.com>  Mon, 30 Aug 2010 21:54:31 +0200

ebox-ftp (1.5.2-0ubuntu1~ppa1~lucid1) lucid; urgency=low

  * New upstream release

 -- José A. Calvo <jacalvo@ebox-platform.com>  Mon, 23 Aug 2010 02:15:36 +0200

ebox-ftp (1.5.1-0ubuntu1~ppa1~lucid1) lucid; urgency=low

  * New upstream release

 -- José A. Calvo <jacalvo@ebox-platform.com>  Mon, 19 Jul 2010 17:19:16 +0200

ebox-ftp (1.5-0ubuntu1~ppa1~lucid1) lucid; urgency=low

  * New upstream release

 -- José A. Calvo <jacalvo@ebox-platform.com>  Mon, 07 Jun 2010 00:21:54 +0200

ebox-ftp (1.5) lucid; urgency=low

  * Initial release

 -- José A. Calvo <jacalvo@ebox-technologies.com>  Thu, 03 Jun 2010 01:45:19 +0200
